{"cameraMode":{"drawMode":0,"name":"Shaded","section":"Shading Mode"},"sceneLighting":true,"audioPlay":false,"sceneViewState":{"m_AlwaysRefresh":false,"showFog":true,"showSkybox":true,"showFlares":true,"showImageEffects":true,"showParticleSystems":true,"showVisualEffectGraphs":true,"m_FxEnabled":true},"in2DMode":false,"pivot":{"x":5.694621562957764,"y":3.467395305633545,"z":-3.7753078937530519},"rotation":{"x":0.15239913761615754,"y":0.007411291357129812,"z":-0.0011431457241997123,"w":0.9882890582084656},"size":15.174140930175782,"orthographic":false}