{"cameraMode":{"drawMode":0,"name":"Shaded","section":"Shading Mode"},"sceneLighting":false,"audioPlay":false,"sceneViewState":{"m_AlwaysRefresh":false,"showFog":true,"showSkybox":false,"showFlares":true,"showImageEffects":true,"showParticleSystems":true,"showVisualEffectGraphs":true,"m_FxEnabled":true},"in2DMode":false,"pivot":{"x":0.7169755697250366,"y":-0.06729325652122498,"z":0.18057498335838319},"rotation":{"x":0.09217420965433121,"y":0.5962356328964233,"z":-0.06917288154363632,"w":0.7944926023483276},"size":0.8838511109352112,"orthographic":false}