{"cameraMode":{"drawMode":0,"name":"Shaded","section":"Shading Mode"},"sceneLighting":false,"audioPlay":false,"sceneViewState":{"m_AlwaysRefresh":false,"showFog":true,"showSkybox":false,"showFlares":true,"showImageEffects":true,"showParticleSystems":true,"showVisualEffectGraphs":true,"m_FxEnabled":true},"in2DMode":false,"pivot":{"x":-8.94370174407959,"y":-10.16486930847168,"z":-3.5021932125091554},"rotation":{"x":0.026767143979668618,"y":0.13008232414722444,"z":-0.0035130835603922607,"w":0.9911366105079651},"size":9.52627944946289,"orthographic":true}