{"cameraMode":{"drawMode":0,"name":"Shaded","section":"Shading Mode"},"sceneLighting":false,"audioPlay":false,"sceneViewState":{"m_AlwaysRefresh":false,"showFog":true,"showSkybox":false,"showFlares":true,"showImageEffects":true,"showParticleSystems":true,"showVisualEffectGraphs":true,"m_FxEnabled":true},"in2DMode":false,"pivot":{"x":15.061147689819336,"y":-10.84838581085205,"z":-18.301916122436525},"rotation":{"x":-0.0378621406853199,"y":-0.7190699577331543,"z":-0.039306096732616428,"w":0.6928029656410217},"size":0.47641581296920779,"orthographic":true}